春香,天海春香,,
千早,如月千早,,
美希,星井美希,,
雪歩,萩原雪歩,,
やよい,高槻やよい,,
真,菊地真,,
伊織,水瀬伊織,,
貴音,四条貴音,,
律子,秋月律子,,
あずさ,三浦あずさ,,
亜美,双海亜美,,
真美,双海真美,,
響,我那覇響,,
未来,春日未来,,
静香,最上静香,,
翼,伊吹翼,,
琴葉,田中琴葉,,
エレナ,島原エレナ,,
美奈子,佐竹美奈子,,
恵美,所恵美,,
まつり,徳川まつり,,
星梨花,箱崎星梨花,,
茜,野々原茜,,
杏奈,望月杏奈,,
ロコ,ロコ,路子,伴田路子
百合子,七尾百合子,,
紗代子,高山紗代子,,
亜利沙,松田亜利沙,,
海美,高坂海美,,
育,中谷育,,
朋花,天空橋朋花,,
エミリー,エミリー,エミリースチュアート,エミリー スチュアート
志保,北沢志保,,
歩,舞浜歩,,
ひなた,木下ひなた,,
可奈,矢吹可奈,,
奈緒,横山奈緒,,
千鶴,二階堂千鶴,,
このみ,馬場このみ,,
環,大神環,,
風花,豊川風花,,
美也,宮尾美也,,
のり子,福田のり子,,
瑞希,真壁瑞希,,
可憐,篠宮可憐,,
莉緒,百瀬莉緒,,
昴,永吉昴,,
麗花,北上麗花,,
桃子,周防桃子,,
ジュリア,ジュリア,,
紬,白石紬,,
歌織,桜守歌織,,
小鳥,音無小鳥,,
美咲,青羽美咲,,
社長,高木順二朗,高木社長,
げき子,劇場の魂,劇子,
黒井社長,黒井崇男,,
