春香,haruka,#e22b30,1
千早,chihaya,#2743d2,1
美希,miki,#b4e04b,1
雪歩,yukiho,#d3dde9,1
やよい,yayoi,#f39939,1
真,makoto,#515558,1
伊織,iori,#fd99e1,1
貴音,takane,#a6126a,1
律子,ritsuko,#01a860,1
あずさ,azusa,#9238be,1
亜美,ami,#ffe43f,1
真美,mami,#ffe43e,1
響,hibiki,#01adb9,1
未来,mirai,#ea5b76,1
静香,shizuka,#6495cf,1
翼,tsubasa,#fed552,1
琴葉,kotoha,#92cfbb,1
エレナ,elena,#9bce92,1
美奈子,minako,#58a6dc,1
恵美,megumi,#454341,1
まつり,matsuri,#5abfb7,1
星梨花,serika,#ed90ba,1
茜,akane,#eb613f,1
杏奈,anna,#7e6ca8,1
ロコ,roco,#fff03c,1
百合子,yuriko,#c7b83c,1
紗代子,sayoko,#7f6575,1
亜利沙,arisa,#b54461,1
海美,umi,#e9739b,1
育,iku,#f7e78e,1
朋花,tomoka,#bee3e3,1
エミリー,emily,#554171,1
志保,shiho,#afa690,1
歩,ayumu,#e25a9b,1
ひなた,hinata,#d1342c,1
可奈,kana,#f5ad3b,1
奈緒,nao,#788bc5,1
千鶴,chizuru,#f19557,1
このみ,konomi,#f1becb,1
環,tamaki,#ee762e,1
風花,fuka,#7278a8,1
美也,miya,#d7a96b,1
のり子,noriko,#eceb70,1
瑞希,mizuki,#99b7dc,1
可憐,karen,#b63b40,1
莉緒,rio,#f19591,1
昴,subaru,#aeb49c,1
麗花,reika,#6bb6b0,1
桃子,momoko,#efb864,1
ジュリア,julia,#d7385f,1
紬,tsumugi,#ebe1ff,1
歌織,kaori,#274079,1
小鳥,kotori,#F7E200,1
美咲,misaki,#67C0C3,1
社長,takagi,#000,1
そら,sora,#3A547C,1
プロデューサー,producer,#000,1
黒井社長,kuroi,#000,1
玲音,leon,#5A2B8D,1
詩花,shika,#85AC84,1
リトルミズキ,littlemizuki,#99b7dc,0.8
ジュニオール,junior,#777175,0.8
チュパカブラ,chupacabra,#C1CE49,0.8
でんでんむす君,dendenmusukun,#4A3B2E,0.8
謎の猫,nazononeko,#857575,0.8
例の星,reinohoshi,#FFE8B6,0.8
ハム蔵,hamzo,#F1BE85,0.8
ハリ子,hariko,#94929F,0.8
うさちゃん,usachan,#FDE3F8,0.8
ユニコーン,unicorn,#FEB5EE,0.8
こぶん,kobun,#BC8D64,0.8
とらたん,toratan,#F9D597,0.8
けるちゃん,keruchan,#FDF9BE,0.8
チーフプロデューサー,chiefproducer,#292631,0.8
源P,genp,#444341,0.8
一ノ瀬志希,shiki,#A01B50,0.8
宮本フレデリカ,frederica,#9E1861,0.8
